jobId,nEvt,nProc,nInst,elapsed,cpuEff,vsz,rsz
5254905,1600,20,1,3,0.0,644124,21024
5254905,1600,20,1,64,2.0035358405657346,46126092,397980
5254905,1600,20,1,124,19.628136400863674,486878132,4913780
5254905,1600,20,1,184,20.111706466003312,486893240,5022768
5254905,1600,20,1,244,20.146684330805655,486905120,5131396
5254905,1600,20,1,305,20.10615410500838,486906504,5216956
5254905,1600,20,1,365,20.128064228667785,486911184,5284840
5254905,1600,20,1,425,20.149626753568025,486917468,5361340
5254905,1600,20,1,485,20.142968478722523,486917468,5399748
5254905,1600,20,1,545,20.145284767398163,486918920,5444040
5254905,1600,20,1,606,20.123354509473042,486919724,5478196
5254905,1600,20,1,666,20.137712646659033,486921420,5520680
5254905,1600,20,1,726,20.13915975849837,486921420,5554192
5254905,1600,20,1,786,20.141609211924152,486923256,5603164
5254905,1600,20,1,847,20.124072336647046,486923256,5616908
5254905,1600,20,1,907,20.132440529219938,486924916,5639424
5254905,1600,20,1,967,20.137309454387093,486925064,5656028
5254905,1600,20,1,1027,20.133257459336185,486925064,5663816
5254905,1600,20,1,1088,20.117948546829552,486927076,5689276
5254905,1600,20,1,1148,20.12649684819376,486927520,5720564
5254905,1600,20,1,1208,20.129797232201547,486928916,5734960
5254905,1600,20,1,1268,20.1342710892577,486931436,5756392
5254905,1600,20,1,1329,20.119457428868483,486931436,5763668
5254905,1600,20,1,1389,20.120307825249682,486931436,5778516
5254905,1600,20,1,1449,20.1253825292337,486931436,5799416
5254905,1600,20,1,1509,20.128726728681173,486931436,5812516
5254905,1600,20,1,1569,20.131590431182474,486931436,5826844
5254905,1600,20,1,1630,20.11855143582799,486931436,5829088
5254905,1600,20,1,1690,20.119198976748216,486931436,5838504
5254905,1600,20,1,1750,20.122796332194753,486935776,5845244
5254905,1600,20,1,1810,20.126723285669655,486935776,5848212
5254905,1600,20,1,1870,20.129195526317282,486936268,5857772
5254905,1600,20,1,1931,20.117349482821773,486936268,5859532
5254905,1600,20,1,1991,20.118442221219983,486936268,5869616
5254905,1600,20,1,2051,20.121494432109102,486937636,5874112
5254905,1600,20,1,2111,20.124881633269293,486937636,5876048
5254905,1600,20,1,2172,20.11685972038354,486937636,5881568
5254905,1600,20,1,2232,20.117345549792294,486937636,5882172
5254905,1600,20,1,2292,20.11783930757829,486946484,5890864
5254905,1600,20,1,2352,20.1192097491387,486946484,5898572
5254905,1600,20,1,2413,20.114734071459306,486955420,5920340
5254905,1600,20,1,2473,20.116063340576787,486962320,5934088
5254905,1600,20,1,2533,20.117694063538053,486976496,5957744
5254905,1600,20,1,2593,20.119676713874895,486980624,5970444
5254905,1600,20,1,2653,20.121605738083186,486980624,5987584
5254905,1600,20,1,2714,20.117222738373023,486983032,6017604
5254905,1600,20,1,2774,20.11795832271875,486983032,6017424
5254905,1600,20,1,2834,20.11759816287107,486989204,6026880
5254905,1600,20,1,2894,20.118304456951215,486994844,6031096
5254905,1600,20,1,2955,20.115074126991356,487001488,6042224
5254905,1600,20,1,3015,20.11683235817686,487002916,6048232
5254905,1600,20,1,3075,20.117827002057062,487004988,6053680
5254905,1600,20,1,3135,20.11879211024025,487005736,6059772
5254905,1600,20,1,3195,20.119746942900395,487005736,6061944
5254905,1600,20,1,3256,20.114911618006406,487019472,6083596
5254905,1600,20,1,3316,20.116498389304784,487021452,6087488
5254905,1600,20,1,3376,20.117721623991464,487023352,6100408
5254905,1600,20,1,3436,20.117716723253743,487025920,6102272
5254905,1600,20,1,3497,20.112096401704605,487026200,6103320
5254905,1600,20,1,3557,20.11479309869205,487026200,6103632
5254905,1600,20,1,3617,20.11484389635615,487039908,6116188
5254905,1600,20,1,3677,20.116536732166708,487060072,6139128
5254905,1600,20,1,3738,20.111568160697367,487063300,6146184
5254905,1600,20,1,3798,20.112743635473514,487063900,6149612
5254905,1600,20,1,3858,20.114413715449075,487070132,6156744
5254905,1600,20,1,3918,20.114208539310706,487070660,6159236
5254905,1600,20,1,3978,20.11629051968417,487075292,6166520
5254905,1600,20,1,4039,20.111952725525256,487082744,6175116
5254905,1600,20,1,4099,20.112293177818753,487097700,6183060
5254905,1600,20,1,4159,20.115050840944015,487100656,6193188
5254905,1600,20,1,4219,20.116043794042028,487103072,6195996
5254905,1600,20,1,4280,20.111730206275027,487103204,6196688
5254905,1600,20,1,4340,20.112510618289324,487105324,6200140
5254905,1600,20,1,4400,20.114883674022266,487119568,6218748
5254905,1600,20,1,4460,20.11560841614003,487125756,6226996
5254905,1600,20,1,4521,20.111313366296656,487127548,6229408
5254905,1600,20,1,4581,20.112928296697017,487131992,6237444
5254905,1600,20,1,4641,20.11386127999241,487136808,6244316
5254905,1600,20,1,4701,20.11499968338011,487138416,6247272
5254905,1600,20,1,4761,20.115448392515876,487146804,6263416
5254905,1600,20,1,4822,20.112471849532838,487155972,6278220
5254905,1600,20,1,4882,20.113355607912762,487159684,6291536
5254905,1600,20,1,4942,20.113823022549425,487159684,6292688
5254905,1600,20,1,5002,20.1156854054511,487178724,6315240
5254905,1600,20,1,5063,20.11145740651381,487178724,6323944
5254905,1600,20,1,5123,20.112118728221976,487185068,6349296
5254905,1600,20,1,5183,20.112567583316558,487187200,6354084
5254905,1600,20,1,5243,20.11397519006675,487200832,6376052
5254905,1600,20,1,5303,20.11516132508916,487209712,6386984
5254905,1600,20,1,5364,20.111370215413704,487212936,6392996
5254905,1600,20,1,5424,20.112361373946094,487215900,6399808
5254905,1600,20,1,5484,20.113339675449645,487234720,6422924
5254905,1600,20,1,5544,20.114302290877845,487234720,6423212
5254905,1600,20,1,5605,20.06527743495137,486287776,6340840
5254905,1600,20,1,5665,19.943848614647756,486294416,6348540
5254905,1600,20,1,5725,8.026164978954302,221140032,2992508
5254906,1200,20,2,3,0.0,761436,21612
5254906,1200,20,2,64,4.043934426229508,91700432,776012
5254906,1200,20,2,124,39.014265181458846,973207196,9756824
5254906,1200,20,2,184,40.28607263219831,973232012,9963484
5254906,1200,20,2,244,40.43717635422489,973251244,10159540
5254906,1200,20,2,305,40.23897975012477,973266104,10328932
5254906,1200,20,2,365,40.28348049728268,973274312,10478092
5254906,1200,20,2,425,40.32087159460288,973277260,10610384
5254906,1200,20,2,485,40.343016659729,973281544,10748216
5254906,1200,20,2,546,40.25416519762846,973283788,10813244
5254906,1200,20,2,606,40.25654821734697,973283788,10884348
5254906,1200,20,2,666,40.281117605186154,973296140,11007224
5254906,1200,20,2,727,40.24032823174981,973296140,11044792
5254906,1200,20,2,787,40.24433333797674,973300152,11070980
5254906,1200,20,2,847,40.25509551649003,973300152,11106996
5254906,1200,20,2,907,40.2698668378288,973303560,11136224
5254906,1200,20,2,968,40.23108221128638,973303560,11157128
5254906,1200,20,2,1028,40.23622538163832,973303848,11183476
5254906,1200,20,2,1088,40.24625827775837,973304968,11203328
5254906,1200,20,2,1148,40.25153576445598,973305432,11227400
5254906,1200,20,2,1209,40.22627918915533,973310464,11276956
5254906,1200,20,2,1269,40.2403064702455,973314968,11333556
5254906,1200,20,2,1329,40.24514588885241,973318044,11371228
5254906,1200,20,2,1389,40.250191137365064,973331476,11413816
5254906,1200,20,2,1450,40.23291567588455,973332248,11471124
5254906,1200,20,2,1510,40.238904213357536,973333692,11479992
5254906,1200,20,2,1570,40.244872322723545,973333692,11505588
5254906,1200,20,2,1631,40.2228660649796,973333692,11516856
5254906,1200,20,2,1691,40.23394009511937,973333904,11530940
5254906,1200,20,2,1751,40.24069317937821,973333904,11539308
5254906,1200,20,2,1812,40.221110047022705,973333904,11553424
5254906,1200,20,2,1872,40.22502846691541,973333904,11559308
5254906,1200,20,2,1932,40.104650630976785,972383328,11478280
5254906,1200,20,2,1992,39.73937157334606,972387800,11497028
5254906,1200,20,2,2053,29.761563903818402,707763296,8360024
5254906,1200,20,2,2113,22.033127566632555,531119228,6365288
5254906,1200,20,2,2173,19.90106622973425,486009648,5772448
5254906,1200,20,2,2233,19.57130330652243,397688368,4785964
5254906,1200,20,2,2294,7.013725189202524,198953840,2466384
5254907,1600,20,2,2,0.0,765644,21636
5254907,1600,20,2,63,4.103934426229507,91700244,777352
5254907,1600,20,2,123,40.109051554506074,973205036,9838820
5254907,1600,20,2,183,40.66945234905713,973226220,10043308
5254907,1600,20,2,244,40.29758717594823,973250896,10261520
5254907,1600,20,2,304,40.337054860610856,973272272,10478256
5254907,1600,20,2,364,40.3929456030362,973278120,10630848
5254907,1600,20,2,424,40.39635373439477,973279240,10743296
5254907,1600,20,2,485,40.294776081967676,973282844,10869792
5254907,1600,20,2,545,40.30599314231775,973289908,10975772
5254907,1600,20,2,605,40.32899776660346,973290916,11043152
5254907,1600,20,2,665,40.33282982128725,973293244,11102616
5254907,1600,20,2,726,40.27513855811972,973296604,11148888
5254907,1600,20,2,786,40.28288682221575,973296604,11181956
5254907,1600,20,2,846,40.30387796754477,973296604,11226112
5254907,1600,20,2,906,40.30198815925377,973298088,11282296
5254907,1600,20,2,967,40.264009191393455,973299756,11338076
5254907,1600,20,2,1027,40.270084622950115,973300120,11364524
5254907,1600,20,2,1087,40.28298485877055,973305184,11424140
5254907,1600,20,2,1147,40.28831867549938,973307692,11459024
5254907,1600,20,2,1208,40.256686156882935,973308472,11492220
5254907,1600,20,2,1268,40.26493396560514,973313140,11539440
5254907,1600,20,2,1328,40.27247958949196,973313140,11572328
5254907,1600,20,2,1389,40.247562851205274,973317116,11591808
5254907,1600,20,2,1449,40.250953137605634,973320764,11618352
5254907,1600,20,2,1509,40.25795644546081,973324572,11661488
5254907,1600,20,2,1569,40.26125341017294,973327564,11678244
5254907,1600,20,2,1630,40.24506783908131,973327564,11696004
5254907,1600,20,2,1690,40.24731755986697,973332200,11717536
5254907,1600,20,2,1750,40.252332216422204,973332200,11735924
5254907,1600,20,2,1810,40.25643267353082,973332564,11767036
5254907,1600,20,2,1871,40.24040959288029,973339712,11805244
5254907,1600,20,2,1931,40.24459354015535,973343840,11839748
5254907,1600,20,2,1991,40.24855658816349,973344536,11862920
5254907,1600,20,2,2051,40.25077525599615,973344536,11871816
5254907,1600,20,2,2112,40.23776969302575,973354112,11892484
5254907,1600,20,2,2172,40.24010104684372,973355320,11907124
5254907,1600,20,2,2232,40.242336160698805,973355320,11912300
5254907,1600,20,2,2293,40.22789033372497,973362156,11930608
5254907,1600,20,2,2353,40.23520986743943,973363472,11940480
5254907,1600,20,2,2413,40.23903743139356,973370004,11961232
5254907,1600,20,2,2473,40.242671961888924,973377504,11981244
5254907,1600,20,2,2534,40.22840902476541,973377504,11988164
5254907,1600,20,2,2594,40.233810393010835,973379096,11996196
5254907,1600,20,2,2654,40.23730913972192,973382736,12006912
5254907,1600,20,2,2714,40.09913024769429,972431800,11916948
5254907,1600,20,2,2775,39.81672448995599,928265712,11395404
5254907,1600,20,2,2835,39.474317005936484,729536908,9092000
5254907,1600,20,2,2895,23.9840355315372,574359728,6983024
5254907,1600,20,2,2956,20.883279946577996,508117020,6197848
5254907,1600,20,2,3016,14.787712990003843,375623976,4607104
5254907,1600,20,2,3076,4.058675751215446,132709200,1748716
5254908,1200,20,4,3,0.0,1112744,23204
5254908,1200,20,4,64,7.907868852459016,182903940,1492732
5254908,1200,20,4,124,78.97070051160964,1945914524,19450336
5254908,1200,20,4,184,80.9699272019667,1945970932,19908852
5254908,1200,20,4,245,80.66835319582752,1945989860,20198024
5254908,1200,20,4,305,80.79146882724699,1946031276,20629456
5254908,1200,20,4,366,80.53936003236011,1946042008,20862232
5254908,1200,20,4,426,80.69603403946157,1946065608,21147616
5254908,1200,20,4,487,80.52567198441946,1946075440,21372124
5254908,1200,20,4,547,80.65324469356801,1946095404,21564760
5254908,1200,20,4,608,80.51171359466083,1946097200,21731700
5254908,1200,20,4,668,80.5769871235835,1946105144,21888836
5254908,1200,20,4,728,80.65229087084118,1946110164,22028772
5254908,1200,20,4,789,80.56014209085079,1946114584,22161940
5254908,1200,20,4,849,80.634060104863,1946118392,22269852
5254908,1200,20,4,910,80.54710147219407,1946119552,22354620
5254908,1200,20,4,970,80.60409488640012,1946119552,22442664
5254908,1200,20,4,1031,80.54667725006222,1946120156,22494992
5254908,1200,20,4,1091,80.56790142751746,1946121652,22544876
5254908,1200,20,4,1152,80.33477162982818,1945177236,22513356
5254908,1200,20,4,1212,79.50356591377002,1944228820,22490328
5254908,1200,20,4,1272,67.22244798672688,1633207660,18853432
5254908,1200,20,4,1333,62.22491175970111,1368579964,15845648
5254908,1200,20,4,1393,33.079549527998736,618189612,7205588
5254908,1200,20,4,1453,6.872729178125288,199006424,2335048
5254904,1200,20,1,3,0.0,714856,21032
5254904,1200,20,1,64,2.0255737704918033,46193204,398384
5254904,1200,20,1,124,19.780243998425817,486945800,4858744
5254904,1200,20,1,184,20.18397308585805,486960880,4974020
5254904,1200,20,1,244,20.19717105338917,486968764,5089292
5254904,1200,20,1,305,20.128518416120997,486974508,5185492
5254904,1200,20,1,365,20.168386449795925,486982860,5262520
5254904,1200,20,1,425,20.169707474122223,486984076,5335120
5254904,1200,20,1,485,20.166483968779282,486994300,5408032
5254904,1200,20,1,546,20.13025129046129,486994300,5442512
5254904,1200,20,1,606,20.14791419338392,486994300,5485256
5254904,1200,20,1,666,20.149635597262574,486994300,5516896
5254904,1200,20,1,726,20.14297231084144,486994584,5544312
5254904,1200,20,1,787,20.12553734641538,486995400,5595896
5254904,1200,20,1,847,20.137218623881285,486998980,5622064
5254904,1200,20,1,907,20.140041790029144,486998980,5630400
5254904,1200,20,1,967,20.13997671266442,486998980,5652300
5254904,1200,20,1,1028,20.122252109231482,486998980,5686320
5254904,1200,20,1,1088,20.131417320443916,486998980,5694304
5254904,1200,20,1,1148,20.133676618729872,486998980,5701128
5254904,1200,20,1,1209,20.117337580886815,487000676,5722308
5254904,1200,20,1,1269,20.121707574089083,487000912,5735044
5254904,1200,20,1,1329,20.12738147973437,487000912,5743016
5254904,1200,20,1,1389,20.130074914889835,487000912,5765396
5254904,1200,20,1,1450,20.116793535292253,487000912,5783896
5254904,1200,20,1,1510,20.121160170136257,487001792,5792968
5254904,1200,20,1,1570,20.124518984887548,487001792,5806720
5254904,1200,20,1,1631,20.11374619891823,487001792,5823532
5254904,1200,20,1,1691,20.11691226923071,487001792,5835908
5254904,1200,20,1,1751,20.12004053218258,487001792,5842128
5254904,1200,20,1,1811,20.122971359380987,487001792,5844772
5254904,1200,20,1,1872,20.11424112032004,487003120,5853492
5254904,1200,20,1,1932,20.11538948479179,487003120,5866456
5254904,1200,20,1,1992,20.119737912486965,487003120,5867632
5254904,1200,20,1,2053,20.113452718886027,487003120,5866792
5254904,1200,20,1,2113,20.113589415152703,487003120,5870356
5254904,1200,20,1,2173,20.11468217182365,487007584,5878548
5254904,1200,20,1,2233,20.118960125922246,487016336,5901320
5254904,1200,20,1,2294,20.112505985550616,487016336,5914840
5254904,1200,20,1,2354,20.113501186448946,487017272,5921696
5254904,1200,20,1,2414,20.11489367539505,487028512,5934928
5254904,1200,20,1,2475,20.11068747073556,487030376,5948888
5254904,1200,20,1,2535,20.112533692671672,487030376,5957540
5254904,1200,20,1,2595,20.113043198430805,487031084,5970812
5254904,1200,20,1,2655,20.11585304706505,487037152,5980240
5254904,1200,20,1,2716,20.110899840499734,487044188,5991352
5254904,1200,20,1,2776,20.11253251578887,487044188,5992752
5254904,1200,20,1,2836,20.11334988580976,487045168,5993956
5254904,1200,20,1,2897,20.106989942583446,487045168,5993576
5254904,1200,20,1,2957,20.110341151569397,487046500,5994764
5254904,1200,20,1,3017,20.11252506642495,487046912,5997392
5254904,1200,20,1,3077,20.112623122146182,487051596,6001964
5254904,1200,20,1,3138,20.1067781299253,487052616,6003784
5254904,1200,20,1,3198,20.109853967072823,487053344,6005028
5254904,1200,20,1,3258,20.111272371151443,487053872,6005380
5254904,1200,20,1,3318,20.110476547502174,487053872,6006332
5254904,1200,20,1,3379,20.105667462145043,487059424,6014832
5254904,1200,20,1,3439,20.108257942612205,487071284,6029828
5254904,1200,20,1,3499,20.111059054472605,487090824,6049052
5254904,1200,20,1,3559,20.11116592444706,487096700,6055072
5254904,1200,20,1,3620,20.106390347793095,487105920,6072196
5254904,1200,20,1,3680,20.10797613410469,487110048,6080732
5254904,1200,20,1,3740,20.11032739285022,487114280,6098224
5254904,1200,20,1,3801,20.105805623785862,487132536,6114520
5254904,1200,20,1,3861,20.10625272622523,487134080,6118536
5254904,1200,20,1,3921,20.10927488704961,487136484,6126776
5254904,1200,20,1,3981,20.11095537556972,487138496,6128388
5254904,1200,20,1,4042,20.10545339526861,487138496,6130628
5254904,1200,20,1,4102,20.10687281298007,487145396,6144500
5254904,1200,20,1,4162,20.10946092878555,487188228,6200900
5254904,1200,20,1,4223,20.105435319098785,487188360,6201232
5254904,1200,20,1,4283,20.016961340578547,486241448,6114860
5254904,1200,20,1,4343,19.82698144083567,486243968,6117084
5254904,1200,20,1,4403,6.9876551447328685,199090560,2629032
5254904,1200,20,1,4464,1.0894354316687194,66557040,1046492
5254909,1600,20,4,3,0.0,1087052,23364
5254909,1600,20,4,63,8.149659863945578,182842136,1466984
5254909,1600,20,4,124,78.12935852026747,1945851564,19510852
5254909,1600,20,4,184,80.83479714723482,1945896888,19898680
5254909,1600,20,4,245,80.55703877854972,1945938084,20254332
5254909,1600,20,4,305,80.73262936121081,1945962744,20616280
5254909,1600,20,4,365,80.86877330739992,1945987428,20953736
5254909,1600,20,4,426,80.67880869021258,1946000464,21250736
5254909,1600,20,4,486,80.75275252423388,1946017524,21469096
5254909,1600,20,4,547,80.62865954146042,1946019036,21651200
5254909,1600,20,4,607,80.68295733899888,1946022612,21824584
5254909,1600,20,4,668,80.58995140834503,1946030080,21947716
5254909,1600,20,4,728,80.643791839565,1946039900,22068716
5254909,1600,20,4,789,80.55148935554816,1946044608,22176652
5254909,1600,20,4,849,80.6078181643581,1946049868,22303152
5254909,1600,20,4,909,80.64044154491758,1946051036,22415900
5254909,1600,20,4,970,80.57522565561459,1946060952,22499924
5254909,1600,20,4,1030,80.61741202717144,1946065684,22582040
5254909,1600,20,4,1091,80.55870197253121,1946067580,22664720
5254909,1600,20,4,1151,80.5897911919587,1946068620,22745044
5254909,1600,20,4,1211,80.61302521044158,1946068620,22801184
5254909,1600,20,4,1272,80.57001522249315,1946073904,22883056
5254909,1600,20,4,1332,80.59716278530264,1946076184,22931776
5254909,1600,20,4,1393,80.55717767602312,1946080332,22989124
5254909,1600,20,4,1453,80.5800247835518,1946084328,23025788
5254909,1600,20,4,1514,80.21251005909006,1945140040,22988600
5254909,1600,20,4,1574,74.99928519024519,1834740916,21741492
5254909,1600,20,4,1635,65.17527795461058,1569167408,18602436
5254909,1600,20,4,1695,61.73012472004646,1501976428,17767056
5254909,1600,20,4,1755,50.944479892819814,1280212268,15101712
5254909,1600,20,4,1816,24.457925608710486,684168836,8234972
5254909,1600,20,4,1876,8.841280113745283,243108816,2930112
5254910,1200,20,6,3,0.0,1561816,25600
5254910,1200,20,6,63,11.294535519125679,274045900,2270360
5254910,1200,20,6,124,113.57682106104104,2918524604,29105956
5254910,1200,20,6,184,120.4632850268211,2918595192,29583304
5254910,1200,20,6,245,120.4592728667066,2918653012,30008760
5254910,1200,20,6,305,120.82974408044632,2918692420,30400812
5254910,1200,20,6,366,120.68029041394982,2918730156,30806796
5254910,1200,20,6,427,120.56540915313673,2918753556,31190004
5254910,1200,20,6,487,120.77045179817132,2918761560,31493112
5254910,1200,20,6,548,120.64002573466857,2918777580,31797400
5254910,1200,20,6,608,120.78107956349545,2918801080,32099844
5254910,1200,20,6,669,120.69632891293203,2918805640,32306880
5254910,1200,20,6,730,120.62485871014935,2918819300,32528440
5254910,1200,20,6,790,120.74215436759886,2918824732,32678956
5254910,1200,20,6,851,120.64739885545569,2918827144,32808504
5254910,1200,20,6,912,120.60162666644787,2918828444,32937592
5254910,1200,20,6,972,120.61160094244806,2917883440,32983088
5254910,1200,20,6,1033,119.72363302864385,2915033508,32827000
5254910,1200,20,6,1093,112.52561887783548,2802738756,31495256
5254910,1200,20,6,1153,89.17952392423459,2052360592,23148324
5254910,1200,20,6,1214,29.846696562626505,816555376,9210892
5254910,1200,20,6,1274,13.284591920872664,353560724,4026872
5254911,1600,20,6,3,0.0,1454604,25312
5254911,1600,20,6,64,11.191803278688521,273986904,2225736
5254911,1600,20,6,124,115.13122265435096,2918465704,29019044
5254911,1600,20,6,185,120.17778515035747,2918534792,29500668
5254911,1600,20,6,245,120.87662492160989,2918605284,29987992
5254911,1600,20,6,306,120.74117353933538,2918638396,30395928
5254911,1600,20,6,367,120.4778587780065,2918666996,30790264
5254911,1600,20,6,427,120.80506968521142,2918687340,31130680
5254911,1600,20,6,488,120.64359718307843,2918716112,31532772
5254911,1600,20,6,548,120.8411635072968,2918728476,31801008
5254911,1600,20,6,609,120.67419844742749,2918740156,32028188
5254911,1600,20,6,670,120.62740872448661,2918749356,32271540
5254911,1600,20,6,730,120.73742742483728,2918749500,32471884
5254911,1600,20,6,791,120.67236716053748,2918761988,32643392
5254911,1600,20,6,852,120.61325932149192,2918767368,32763748
5254911,1600,20,6,912,120.68751808938889,2918768708,32891288
5254911,1600,20,6,973,120.63485244672493,2918774336,33046180
5254911,1600,20,6,1033,120.69426711291322,2918780344,33158144
5254911,1600,20,6,1094,120.64897885172736,2918783388,33276240
5254911,1600,20,6,1155,120.59310659608984,2918783836,33344704
5254911,1600,20,6,1215,120.68527382601701,2918795060,33458868
5254911,1600,20,6,1276,120.60844893857559,2918806100,33519092
5254911,1600,20,6,1336,120.33757876911335,2917042304,33436508
5254911,1600,20,6,1397,116.0429263785144,2846872480,32395008
5254911,1600,20,6,1457,93.89413173777106,2383190552,27148744
5254911,1600,20,6,1518,49.601700342895995,1345764472,15394736
5254911,1600,20,6,1578,18.38913369608533,463911868,5290860
5254912,1200,20,8,3,0.0,2156456,27828
5254912,1200,20,8,63,13.983114754098354,344277824,2880096
5254912,1200,20,8,124,154.20995242589873,3870229636,38777568
5254912,1200,20,8,185,160.38825212148868,3870345144,39478456
5254912,1200,20,8,246,160.77307554931295,3870405568,39938488
5254912,1200,20,8,307,160.712060951969,3870457764,40385816
5254912,1200,20,8,367,161.3185712129865,3870494624,40815580
5254912,1200,20,8,428,161.13798525297506,3870520212,41163744
5254912,1200,20,8,489,161.04227087198362,3870552692,41555040
5254912,1200,20,8,550,160.93306003880943,3870585088,41918540
5254912,1200,20,8,611,160.86010577206912,3870603484,42214532
5254912,1200,20,8,672,160.83035583678742,3870632264,42559992
5254912,1200,20,8,733,160.82957643613543,3870641076,42816568
5254912,1200,20,8,793,160.95424883383535,3870644944,42965832
5254912,1200,20,8,854,160.63255805021035,3868766224,43049344
5254912,1200,20,8,915,159.3099168127131,3867820620,43164132
5254912,1200,20,8,976,143.91673744714694,3533778596,39312828
5254912,1200,20,8,1036,125.89764423815596,3178599492,35363396
5254912,1200,20,8,1097,87.18142692666571,2119435456,23640664
5254912,1200,20,8,1157,40.44514271936975,1126153392,12525064
5254912,1200,20,8,1217,12.748701709761928,398196260,4386640
5254913,1600,20,8,3,0.0,1954712,27868
5254913,1600,20,8,63,14.36802721088436,365117284,2879348
5254913,1600,20,8,124,154.84158921886186,3890999508,38685248
5254913,1600,20,8,185,160.64331843604882,3891184616,39414152
5254913,1600,20,8,246,160.84038209898597,3891238420,39887204
5254913,1600,20,8,307,160.73523166612972,3891289140,40319812
5254913,1600,20,8,368,160.6868507234335,3891326224,40739332
5254913,1600,20,8,429,160.7315315214935,3891372664,41221572
5254913,1600,20,8,490,160.75346640341797,3891403820,41656204
5254913,1600,20,8,551,160.74075707486034,3891419572,42009232
5254913,1600,20,8,612,160.74354358685144,3891427828,42316772
5254913,1600,20,8,672,160.98776944178408,3891439816,42628528
5254913,1600,20,8,733,160.97341091408705,3891456296,42922676
5254913,1600,20,8,794,160.96424721314256,3891468772,43165056
5254913,1600,20,8,855,160.92130461700253,3891481596,43343688
5254913,1600,20,8,916,160.87526360356387,3891482584,43489632
5254913,1600,20,8,977,160.8415464006481,3891488692,43649484
5254913,1600,20,8,1038,160.8100840267979,3891497168,43831872
5254913,1600,20,8,1099,160.81422986009696,3891500564,43983836
5254913,1600,20,8,1160,160.28064755653895,3888666372,43936280
5254913,1600,20,8,1220,153.70037348624763,3774467004,42487100
5254913,1600,20,8,1281,135.6715792160666,3331910564,37501072
5254913,1600,20,8,1341,67.78709964319602,1765246376,19831076
5254913,1600,20,8,1401,29.930808884903225,816493320,9260140
5254913,1600,20,8,1462,9.63754430572076,265176636,3050800
5254914,1200,20,10,4,0.0,2773508,30804
5254914,1200,20,10,64,16.472733355637335,435209404,3432608
5254914,1200,20,10,125,168.89948253022035,4842611696,48114876
5254914,1200,20,10,186,200.26314370654424,4842789224,48974340
5254914,1200,20,10,247,201.24845801281447,4842872132,49551864
5254914,1200,20,10,309,200.32913725874215,4842924564,49981028
5254914,1200,20,10,370,200.6243702469991,4842975096,50414084
5254914,1200,20,10,431,200.77758178797865,4843002924,50815016
5254914,1200,20,10,492,200.84884391360248,4843046248,51226544
5254914,1200,20,10,553,200.89293943686266,4843074588,51599420
5254914,1200,20,10,614,200.9331934710951,4843102160,51972824
5254914,1200,20,10,676,200.70804230278068,4843129344,52321668
5254914,1200,20,10,737,200.7084802715949,4842197032,52644896
5254914,1200,20,10,798,200.19994954398717,4841256036,52800920
5254914,1200,20,10,860,194.23415467922527,4725165404,51372216
5254914,1200,20,10,921,175.20303236192512,4392068568,47837480
5254914,1200,20,10,981,131.17407127114313,3200084932,34860824
5254914,1200,20,10,1042,81.39577402827027,2096208376,22827692
5254914,1200,20,10,1102,28.14017612822908,859882604,9424304
5254914,1200,20,10,1162,12.44925381058059,331347192,3686492
5254914,1200,20,10,1222,5.693840852120958,176784956,1952748
5254915,1600,20,10,29,0.0,1048844,25564
5254915,1600,20,10,89,8.413061872025386,238393320,1988420
5254915,1600,20,10,150,16.377867035004183,456200872,3588020
5254915,1600,20,10,211,192.97049518764814,4863721460,48539020
5254915,1600,20,10,272,199.9851820107435,4863767200,49222272
5254915,1600,20,10,333,201.04103447868462,4863853212,49764556
5254915,1600,20,10,395,200.22685886832932,4863902948,50178476
5254915,1600,20,10,456,200.4601011780592,4863928680,50585996
5254915,1600,20,10,517,200.6041926938009,4863985560,51080924
5254915,1600,20,10,578,200.7872744909981,4864021536,51561812
5254915,1600,20,10,639,200.91974382712235,4864045508,52010540
5254915,1600,20,10,701,200.60604523656104,4864072328,52418124
5254915,1600,20,10,762,200.6885579901887,4864083308,52775280
5254915,1600,20,10,823,200.79039838760826,4864097072,53157836
5254915,1600,20,10,884,200.86644043148326,4864114084,53459144
5254915,1600,20,10,946,200.66014660927064,4864139128,53740628
5254915,1600,20,10,1007,200.72234040765946,4864149428,54008224
5254915,1600,20,10,1068,200.83178284763596,4864152680,54219740
5254915,1600,20,10,1130,200.6081959167549,4863213568,54369020
5254915,1600,20,10,1191,198.74883950018906,4856564608,53968952
5254915,1600,20,10,1252,186.252486540638,4479301936,49722852
5254915,1600,20,10,1312,120.14168856794863,3132788032,34700504
5254915,1600,20,10,1372,59.4654845069624,1588560256,17655720
5254915,1600,20,10,1433,21.049998801111826,530069612,5963660
5254916,1200,20,11,4,0.0,3115988,32292
5254916,1200,20,11,64,17.12749526039924,501796752,3939724
5254916,1200,20,11,125,168.9632795917447,4489870164,48586996
5254916,1200,20,11,186,221.05158063920769,4930687808,53829192
5254916,1200,20,11,248,220.20070670434916,4930766100,54377720
5254916,1200,20,11,309,220.877163832839,4930832692,54837928
5254916,1200,20,11,371,220.28965151842377,4930906872,55354212
5254916,1200,20,11,432,220.74020033964402,4930936124,55739788
5254916,1200,20,11,493,220.9359718390794,4930975700,56203292
5254916,1200,20,11,555,220.56948578700357,4931001620,56577820
5254916,1200,20,11,616,220.78292059498133,4931039560,57044204
5254916,1200,20,11,678,220.53361269970324,4931060444,57443112
5254916,1200,20,11,739,220.58632377572275,4930136020,57697988
5254916,1200,20,11,800,220.43453887004384,4925401080,57617648
5254916,1200,20,11,862,209.4370603862575,4768942872,55965428
5254916,1200,20,11,923,169.98358358445236,4030803872,46412732
5254916,1200,20,11,984,127.82962311525401,3209410588,36675120
5254916,1200,20,11,1044,69.06048682837081,1902593012,21621864
5254916,1200,20,11,1104,30.779625583974205,884261976,9870920
5254916,1200,20,11,1165,10.757211517317582,354872748,4150816
5254916,1200,20,11,1225,3.92101535073403,132683792,1421204
5254917,1600,20,11,6,0.0,3020084,31904
5254917,1600,20,11,67,17.075552387740547,480851336,3716536
5254917,1600,20,11,128,147.73306266278533,4888432032,48553944
5254917,1600,20,11,189,219.06401925978764,5329227676,53812896
5254917,1600,20,11,250,220.81854531967394,5329290840,54379168
5254917,1600,20,11,312,220.01170536502403,5329355680,54862496
5254917,1600,20,11,373,220.45156357738108,5329415428,55346188
5254917,1600,20,11,434,220.81287951975898,5329470128,55860084
5254917,1600,20,11,496,220.36503074435942,5329498296,56271796
5254917,1600,20,11,557,220.65910197550141,5329542204,56766260
5254917,1600,20,11,618,220.78947221854588,5329573916,57136860
5254917,1600,20,11,680,220.51621549576106,5329595012,57506236
5254917,1600,20,11,741,220.64830306735092,5329620252,57862384
5254917,1600,20,11,802,220.75500716837945,5329626116,58143176
5254917,1600,20,11,864,220.57302551562523,5329641472,58465952
5254917,1600,20,11,925,220.57632470504734,5328706276,58652828
5254917,1600,20,11,986,220.17882337122384,5327799096,58883148
5254917,1600,20,11,1047,218.8899262477004,5238538156,58024200
5254917,1600,20,11,1109,198.6671129588971,4881469212,53918416
5254917,1600,20,11,1170,177.2226591494828,4393210188,48561636
5254917,1600,20,11,1230,138.6650537985274,3531494820,39084236
5254917,1600,20,11,1291,72.46251006373218,1986238428,21877560
5254917,1600,20,11,1351,31.44466005627871,773133148,8658884
5254918,1200,20,12,4,0.0,3525756,34524
5254918,1200,20,12,64,18.191939890710383,526205384,3915772
5254918,1200,20,12,124,110.3754973982246,3260050928,32508676
5254918,1200,20,12,186,234.40303981696977,5748792104,56703672
5254918,1200,20,12,248,230.96514596657556,5749183536,57688100
5254918,1200,20,12,309,223.96430030902837,5528747072,56239796
5254918,1200,20,12,371,216.23256978307353,5286168552,54365056
5254918,1200,20,12,432,211.91561267398228,5176093312,53770728
5254918,1200,20,12,493,205.8759400851862,5021946220,51668384
5254918,1200,20,12,554,201.58227198528348,4909294116,50631740
5254918,1200,20,12,616,199.6963677199268,4865151676,50624416
5254918,1200,20,12,677,198.88441489490512,4841188036,50658548
5254918,1200,20,12,738,196.25277496335477,4834571132,50663108
5254918,1200,20,12,799,179.82934613403185,4480339804,47048972
5254918,1200,20,12,859,129.42747997484764,3045172756,31859172
5254918,1200,20,12,920,58.38484865521329,1655193144,17370196
5254918,1200,20,12,980,28.429609380844372,707821316,7689992
5254919,1600,20,12,4,0.0,3673852,36640
5254919,1600,20,12,64,18.337773224043723,547363308,4089728
5254919,1600,20,12,125,122.86932621446832,4514533660,44731172
5254919,1600,20,12,186,241.11482080092188,5836519288,58621272
5254919,1600,20,12,248,239.9734256118822,5836599772,59267244
5254919,1600,20,12,309,241.95578534083438,5836668532,59804488
5254919,1600,20,12,371,240.3846777647047,5836724572,60275316
5254919,1600,20,12,433,240.6324856009827,5836766912,60786464
5254919,1600,20,12,494,240.5454468766127,5836806124,61300724
5254919,1600,20,12,556,240.26748909579274,5836839528,61745836
5254919,1600,20,12,617,240.45461297483888,5836865120,62117840
5254919,1600,20,12,679,240.81980144610773,5836889888,62553904
5254919,1600,20,12,740,241.58085423528468,5836927536,63023196
5254919,1600,20,12,802,241.40192888054864,5836952944,63405800
5254919,1600,20,12,863,240.59832661350524,5836969300,63761396
5254919,1600,20,12,925,241.46167540346593,5836979088,64040724
5254919,1600,20,12,986,241.19314560567716,5836034972,64206408
5254919,1600,20,12,1048,236.36677158187427,5744869840,63218448
5254919,1600,20,12,1110,223.24762954425927,5476117424,60232884
5254919,1600,20,12,1171,202.02614530454792,5030728856,55255012
5254919,1600,20,12,1232,159.02772668563063,3816801380,41984656
5254919,1600,20,12,1292,84.82827792539874,2117882512,23462164
5254919,1600,20,12,1352,40.86859032092291,993887984,11143316
5254921,1600,20,13,4,0.0,4067520,36940
5254921,1600,20,13,64,18.732240437158474,592789784,4334540
5254921,1600,20,13,125,108.95786333784528,4560029340,45096208
5254921,1600,20,13,187,258.3161217804771,6322729268,63400896
5254921,1600,20,13,249,259.5118000393609,6322827544,64004532
5254921,1600,20,13,311,259.98451975028627,6322921380,64582132
5254921,1600,20,13,372,261.45306566303304,6322969940,65064660
5254921,1600,20,13,434,261.27089434102834,6323025796,65564536
5254921,1600,20,13,496,260.97626288951864,6323060388,66044768
5254921,1600,20,13,558,260.414266090534,6323119188,66656540
5254921,1600,20,13,619,261.42133541448374,6323148672,67130556
5254921,1600,20,13,681,261.44857927414523,6323178068,67593772
5254921,1600,20,13,744,260.73594188460476,6323193132,67986996
5254921,1600,20,13,806,261.1274508513616,6323224132,68348404
5254921,1600,20,13,868,260.53109457289884,6323241772,68699136
5254921,1600,20,13,930,260.2428101346577,6321357208,68939896
5254921,1600,20,13,992,259.04676895628165,6319473448,69109920
5254921,1600,20,13,1053,245.46174319324945,6003710796,65336864
5254921,1600,20,13,1115,221.42207990440514,5472839476,59562880
5254921,1600,20,13,1175,178.6028379220716,4036675464,43803536
5254921,1600,20,13,1236,112.66339503064849,2845054892,31028932
5254921,1600,20,13,1296,49.700557190919675,1367792104,15029804
